patient_id,age,bmi,glucose,blood_pressure,insulin,physical_activity,diabetes
P001,25,21.8,92,118,85,high,0
P002,31,24.5,105,122,92,medium,0
P003,45,29.7,142,135,125,low,1
P004,52,31.2,156,140,145,low,1
P005,28,23.1,98,120,78,high,0
P006,39,27.8,128,130,110,medium,0
P007,61,33.5,178,150,180,low,1
P008,47,30.1,149,138,155,low,1
P009,35,25.6,112,125,95,medium,0
P010,23,20.9,89,115,72,high,0
P011,56,32.8,165,145,170,low,1
P012,42,28.9,135,132,120,medium,1
P013,30,24.0,101,121,88,high,0
P014,68,35.2,190,155,210,low,1
P015,49,29.4,138,136,130,medium,1
P016,27,22.5,95,117,80,high,0
P017,37,26.7,119,127,105,medium,0
P018,59,34.1,172,148,190,low,1
P019,44,27.5,126,129,115,medium,0
P020,33,23.8,104,120,90,high,0
P021,51,30.8,151,139,150,low,1
P022,63,33.0,181,152,195,low,1
P023,29,25.1,108,123,94,medium,0
P024,41,28.2,130,131,118,medium,1
P025,36,24.9,110,124,96,high,0
P026,54,31.5,159,142,160,low,1
P027,46,29.0,133,134,128,medium,1
P028,22,20.5,87,114,70,high,0
P029,58,32.1,168,146,175,low,1
P030,40,26.4,116,126,102,medium,0
P031,34,24.3,102,119,86,high,0
P032,67,36.0,195,158,220,low,1
P033,48,30.5,147,137,148,low,1
P034,26,22.1,93,116,75,high,0
P035,38,27.1,121,128,108,medium,0
P036,55,31.9,161,144,165,low,1
P037,43,28.5,129,130,122,medium,1
P038,32,23.5,99,118,82,high,0
P039,62,34.5,176,151,185,low,1
P040,50,29.8,145,136,140,medium,1
P041,24,21.3,91,115,73,high,0
P042,57,33.2,169,147,178,low,1
P043,45,27.9,132,131,119,medium,0
P044,39,25.8,114,125,100,high,0
P045,53,30.9,154,141,152,low,1
P046,28,23.4,97,119,79,high,0
P047,60,34.0,183,153,200,low,1
P048,47,28.7,136,133,126,medium,1
P049,36,26.1,118,127,104,medium,0
P050,64,35.0,188,156,205,low,1
P051,31,24.8,106,121,91,high,0
P052,52,30.2,148,138,142,low,1
P053,43,27.3,124,129,112,medium,0
P054,69,36.5,198,160,225,low,1
P055,34,25.0,109,122,93,high,0
P056,41,29.1,137,134,131,medium,1
P057,58,32.5,171,149,182,low,1
P058,27,22.8,96,117,77,high,0
P059,49,30.0,143,135,138,medium,1
P060,37,26.8,120,128,106,medium,0