property_id,area_sqft,bedrooms,property_age,distance_city_km,floor,price_lakhs
P001,650,1,12,14,2,42
P002,750,2,10,12,3,50
P003,850,2,8,10,4,62
P004,950,2,6,9,5,70
P005,1100,3,7,8,4,85
P006,1250,3,5,7,6,102
P007,1400,3,4,6,8,120
P008,1600,3,3,5,10,145
P009,1800,4,5,4,7,168
P010,2000,4,3,3,9,195
P011,700,1,15,15,1,40
P012,800,2,13,13,2,48
P013,900,2,10,11,3,60
P014,1000,2,8,9,4,72
P015,1150,3,9,8,5,88
P016,1300,3,6,7,7,105
P017,1450,3,5,6,9,123
P018,1550,3,4,5,11,140
P019,1750,4,6,4,8,165
P020,1950,4,4,3,10,190
P021,600,1,18,17,1,35
P022,780,2,14,14,3,46
P023,880,2,11,12,2,57
P024,1020,2,7,10,5,74
P025,1180,3,8,9,6,89
P026,1350,3,6,7,8,108
P027,1500,3,5,6,10,128
P028,1650,3,3,5,12,150
P029,1850,4,4,4,9,175
P030,2100,4,2,3,11,205
P031,680,1,11,14,2,43
P032,820,2,9,12,4,54
P033,920,2,7,10,3,65
P034,1050,2,5,9,6,78
P035,1200,3,7,8,5,92
P036,1320,3,5,7,7,106
P037,1480,3,4,6,9,125
P038,1700,3,3,5,10,153
P039,1900,4,5,4,8,180
P040,2200,4,2,3,12,215
P041,720,1,13,15,2,41
P042,860,2,10,11,3,59
P043,980,2,8,10,5,71
P044,1080,3,6,9,4,82
P045,1220,3,7,8,6,95
P046,1380,3,5,7,8,112
P047,1520,3,4,6,10,132
P048,1680,3,3,5,11,148
P049,1880,4,4,4,9,178
P050,2050,3,3,3,10,198
P051,760,2,12,13,2,49
P052,890,2,9,11,4,61
P053,1010,2,7,10,5,73
P054,1160,3,8,8,6,87
P055,1280,3,6,7,7,104
P056,1420,3,5,6,9,119
P057,1580,3,4,5,10,143
P058,1720,4,5,4,8,160
P059,1920,4,3,3,11,188
P060,2150,4,2,2,12,210